{
  "accuracy": [
    0.4991247355937958,
    0.6741794347763062,
    0.7455142140388489,
    0.7824945449829102,
    0.7897155284881592,
    0.8085339069366455,
    0.8247264623641968,
    0.8358862400054932,
    0.8356673717498779,
    0.8444201350212097,
    0.8492341637611389,
    0.85492342710495,
    0.8667396306991577,
    0.8726477026939392,
    0.8708971738815308,
    0.8811815977096558,
    0.8770240545272827,
    0.8835886120796204,
    0.8881838321685791,
    0.890153169631958,
    0.8969365358352661,
    0.8989059329032898,
    0.8975930213928223,
    0.9030634760856628,
    0.8984682559967041,
    0.8997811675071716,
    0.9126914739608765,
    0.908315122127533,
    0.9159737229347229
  ],
  "loss": [
    1.7580082416534424,
    0.8894361853599548,
    0.6652453541755676,
    0.5898447036743164,
    0.5460318922996521,
    0.5142988562583923,
    0.46507468819618225,
    0.44510048627853394,
    0.4321898818016052,
    0.41026315093040466,
    0.38701197504997253,
    0.3746504783630371,
    0.36204805970191956,
    0.3497912287712097,
    0.34649428725242615,
    0.3292875587940216,
    0.3216384947299957,
    0.31509676575660706,
    0.2979699671268463,
    0.29358333349227905,
    0.29000622034072876,
    0.27548491954803467,
    0.27786070108413696,
    0.2727523744106293,
    0.26463425159454346,
    0.2722441256046295,
    0.24020697176456451,
    0.2502862513065338,
    0.2423703372478485
  ],
  "precision": [
    0.5179302096366882,
    0.7029348611831665,
    0.7729434370994568,
    0.808858335018158,
    0.8175612092018127,
    0.8348580598831177,
    0.8485554456710815,
    0.8617393374443054,
    0.8611884713172913,
    0.8640037178993225,
    0.8732491135597229,
    0.8707389831542969,
    0.8815490007400513,
    0.8882312774658203,
    0.8856038451194763,
    0.8968721628189087,
    0.891879677772522,
    0.8953908681869507,
    0.9018459916114807,
    0.9020931720733643,
    0.9102593064308167,
    0.9109712243080139,
    0.907826840877533,
    0.9116726517677307,
    0.9096817374229431,
    0.9097020030021667,
    0.9189732074737549,
    0.9160714149475098,
    0.923988401889801
  ],
  "recall": [
    0.4708971679210663,
    0.6446389555931091,
    0.7113785743713379,
    0.7472647428512573,
    0.7599562406539917,
    0.778774619102478,
    0.796936571598053,
    0.808752715587616,
    0.8118162155151367,
    0.8188183903694153,
    0.832166314125061,
    0.8328227400779724,
    0.8468271493911743,
    0.8538293242454529,
    0.8520787954330444,
    0.8658643364906311,
    0.8628008961677551,
    0.8671772480010986,
    0.8765864372253418,
    0.8770240545272827,
    0.8833698034286499,
    0.8866520524024963,
    0.8857768177986145,
    0.8921225666999817,
    0.8881838321685791,
    0.8884026408195496,
    0.9008752703666687,
    0.8980306386947632,
    0.9043763875961304
  ],
  "val_accuracy": [
    0.735551655292511,
    0.7942206859588623,
    0.8169877529144287,
    0.8266199827194214,
    0.8336251974105835,
    0.8511383533477783,
    0.8511383533477783,
    0.8633975386619568,
    0.8598949313163757,
    0.8616462349891663,
    0.8756567239761353,
    0.8704028129577637,
    0.8712784647941589,
    0.8826619982719421,
    0.8861646056175232,
    0.8844133019447327,
    0.8861646056175232,
    0.8905429244041443,
    0.8887916207313538,
    0.8844133019447327,
    0.8861646056175232,
    0.8844133019447327,
    0.8887916207313538,
    0.8984237909317017,
    0.8940455317497253,
    0.8966724872589111,
    0.8957968354225159,
    0.8984237909317017,
    0.8992995023727417
  ],
  "val_loss": [
    0.7165229320526123,
    0.5774600505828857,
    0.5282871127128601,
    0.5127786993980408,
    0.4638717770576477,
    0.45277470350265503,
    0.431610643863678,
    0.40161699056625366,
    0.4122541844844818,
    0.38584569096565247,
    0.37701162695884705,
    0.3665488064289093,
    0.37160980701446533,
    0.34657442569732666,
    0.3469875752925873,
    0.33523088693618774,
    0.3330056071281433,
    0.32771021127700806,
    0.3274885416030884,
    0.326509028673172,
    0.32531240582466125,
    0.3267211616039276,
    0.31596824526786804,
    0.2917215824127197,
    0.3001285493373871,
    0.3016388416290283,
    0.3149302899837494,
    0.30548030138015747,
    0.30058228969573975
  ],
  "val_precision": [
    0.7632850408554077,
    0.8198874592781067,
    0.8367158770561218,
    0.8439781069755554,
    0.8517841100692749,
    0.8674588799476624,
    0.8671519756317139,
    0.880800724029541,
    0.8712871074676514,
    0.876130223274231,
    0.8828264474868774,
    0.8849955201148987,
    0.8849955201148987,
    0.8950672745704651,
    0.8941704034805298,
    0.8954423666000366,
    0.8944543600082397,
    0.9016100168228149,
    0.8966131806373596,
    0.8980321884155273,
    0.8924444317817688,
    0.8911685943603516,
    0.8960923552513123,
    0.9023957252502441,
    0.9004444479942322,
    0.9030249118804932,
    0.9007092118263245,
    0.902482271194458,
    0.9057777523994446
  ],
  "val_recall": [
    0.6917688250541687,
    0.7653239965438843,
    0.7942206859588623,
    0.8099824786186218,
    0.8152364492416382,
    0.8309982419013977,
    0.8345008492469788,
    0.8476357460021973,
    0.8476357460021973,
    0.8485113978385925,
    0.864273190498352,
    0.8625218868255615,
    0.8625218868255615,
    0.8739054203033447,
    0.8730297684669495,
    0.8774080276489258,
    0.8756567239761353,
    0.8826619982719421,
    0.8809106945991516,
    0.8791593909263611,
    0.8791593909263611,
    0.87478107213974,
    0.8835376501083374,
    0.8905429244041443,
    0.8870402574539185,
    0.8887916207313538,
    0.889667272567749,
    0.8914185762405396,
    0.8922942280769348
  ],
  "learning_rate": [
    9.999999747378752e-05,
    9.999999747378752e-05,
    9.999999747378752e-05,
    9.999999747378752e-05,
    9.999999747378752e-05,
    9.999999747378752e-05,
    9.999999747378752e-05,
    9.999999747378752e-05,
    9.999999747378752e-05,
    9.999999747378752e-05,
    9.999999747378752e-05,
    9.999999747378752e-05,
    9.999999747378752e-05,
    9.999999747378752e-05,
    9.999999747378752e-05,
    9.999999747378752e-05,
    9.999999747378752e-05,
    9.999999747378752e-05,
    9.999999747378752e-05,
    9.999999747378752e-05,
    9.999999747378752e-05,
    9.999999747378752e-05,
    9.999999747378752e-05,
    9.999999747378752e-05,
    9.999999747378752e-05,
    9.999999747378752e-05,
    9.999999747378752e-05,
    1.9999999494757503e-05,
    1.9999999494757503e-05
  ]
}