{
  "accuracy": [
    0.7827133536338806,
    0.8525164127349854,
    0.8816192746162415,
    0.8921225666999817,
    0.8929978013038635,
    0.9002188444137573,
    0.9135667681694031,
    0.9144420027732849,
    0.9146608114242554,
    0.9286652207374573,
    0.9328227639198303,
    0.9273523092269897,
    0.9282275438308716,
    0.940481424331665,
    0.9411378502845764,
    0.942450761795044,
    0.93785560131073,
    0.9411378502845764,
    0.952297568321228,
    0.9568927884101868,
    0.9107220768928528,
    0.9358862042427063,
    0.9428883790969849,
    0.9531728625297546,
    0.9608315229415894,
    0.9647702574729919,
    0.9678336977958679,
    0.9702407121658325,
    0.9754923582077026,
    0.9739606380462646
  ],
  "loss": [
    0.6148446798324585,
    0.3957693576812744,
    0.33819058537483215,
    0.29312506318092346,
    0.2732998728752136,
    0.2593699097633362,
    0.2367148995399475,
    0.229145348072052,
    0.22324487566947937,
    0.19938185811042786,
    0.19600774347782135,
    0.1888602375984192,
    0.19975997507572174,
    0.1662926822900772,
    0.16903595626354218,
    0.1564873307943344,
    0.1797110140323639,
    0.16098415851593018,
    0.1422070413827896,
    0.12012000381946564,
    0.252025306224823,
    0.16935105621814728,
    0.16010858118534088,
    0.13201114535331726,
    0.10387028008699417,
    0.0999244973063469,
    0.08319953083992004,
    0.08593109250068665,
    0.06810245662927628,
    0.07143045216798782
  ],
  "precision": [
    0.8082637190818787,
    0.8660492300987244,
    0.8921040892601013,
    0.9011160731315613,
    0.9003329873085022,
    0.9076957106590271,
    0.920970618724823,
    0.9222740530967712,
    0.9213905930519104,
    0.9337909817695618,
    0.9380101561546326,
    0.9350908398628235,
    0.9332005977630615,
    0.945229709148407,
    0.9448732137680054,
    0.9468108415603638,
    0.9433878660202026,
    0.9438697099685669,
    0.9567615389823914,
    0.9593048691749573,
    0.9190880656242371,
    0.9420738220214844,
    0.9491150379180908,
    0.9561384320259094,
    0.9640969038009644,
    0.9674725532531738,
    0.9695175290107727,
    0.9716794490814209,
    0.977607011795044,
    0.9758560061454773
  ],
  "recall": [
    0.7619255781173706,
    0.8389496803283691,
    0.8702406883239746,
    0.8833698034286499,
    0.887527346611023,
    0.8929978013038635,
    0.9052516222000122,
    0.9087527394294739,
    0.9105032682418823,
    0.922757089138031,
    0.9304157495498657,
    0.9236323833465576,
    0.9231947660446167,
    0.9365426898002625,
    0.9376367330551147,
    0.9387308359146118,
    0.9334791898727417,
    0.9382932186126709,
    0.9490153193473816,
    0.9542669653892517,
    0.8997811675071716,
    0.9323851466178894,
    0.9387308359146118,
    0.949234127998352,
    0.9577680230140686,
    0.963238537311554,
    0.967396080493927,
    0.9684901237487793,
    0.9743982553482056,
    0.9728665351867676
  ],
  "val_accuracy": [
    0.7968476414680481,
    0.8143607974052429,
    0.8660244941711426,
    0.8817863464355469,
    0.8774080276489258,
    0.860770583152771,
    0.8887916207313538,
    0.8870402574539185,
    0.8791593909263611,
    0.903677761554718,
    0.9098073840141296,
    0.914185643196106,
    0.889667272567749,
    0.9150612950325012,
    0.9098073840141296,
    0.9246935248374939,
    0.8975481390953064,
    0.9124343395233154,
    0.9238178730010986,
    0.9238178730010986,
    0.903677761554718,
    0.9159369468688965,
    0.9264448285102844,
    0.9360770583152771,
    0.928196132183075,
    0.9448336362838745,
    0.9422066807746887,
    0.9518388509750366,
    0.9422066807746887,
    0.9448336362838745
  ],
  "val_loss": [
    0.5518121719360352,
    0.48537135124206543,
    0.3799937069416046,
    0.31992775201797485,
    0.3453611433506012,
    0.40262582898139954,
    0.3483010530471802,
    0.37447142601013184,
    0.3519141972064972,
    0.29990094900131226,
    0.2937464416027069,
    0.28647226095199585,
    0.30783703923225403,
    0.2854800224304199,
    0.2799544930458069,
    0.26917508244514465,
    0.30919963121414185,
    0.27287164330482483,
    0.2383078634738922,
    0.2291944921016693,
    0.3171434998512268,
    0.29047366976737976,
    0.22375398874282837,
    0.1996830552816391,
    0.22276276350021362,
    0.19531917572021484,
    0.2064676433801651,
    0.21429374814033508,
    0.2048552930355072,
    0.18762603402137756
  ],
  "val_precision": [
    0.8548895716667175,
    0.8384687304496765,
    0.8785971403121948,
    0.8902877569198608,
    0.886404275894165,
    0.8691756129264832,
    0.9008042812347412,
    0.8996415734291077,
    0.887399435043335,
    0.913701057434082,
    0.9188224673271179,
    0.916961133480072,
    0.9018733501434326,
    0.9219166040420532,
    0.9174067378044128,
    0.931034505367279,
    0.9043401479721069,
    0.9193262457847595,
    0.9317376017570496,
    0.9302120208740234,
    0.9090105891227722,
    0.9180616736412048,
    0.9318584203720093,
    0.9384344816207886,
    0.9313380122184753,
    0.9478798508644104,
    0.943711519241333,
    0.9533450603485107,
    0.9438596367835999,
    0.9463971853256226
  ],
  "val_recall": [
    0.7119089365005493,
    0.7863397598266602,
    0.8555166125297546,
    0.8669001460075378,
    0.8677758574485779,
    0.8493870496749878,
    0.8826619982719421,
    0.8791593909263611,
    0.8695271611213684,
    0.8992995023727417,
    0.9019264578819275,
    0.9089316725730896,
    0.8852889537811279,
    0.9098073840141296,
    0.9045534133911133,
    0.9220665693283081,
    0.8940455317497253,
    0.9080560207366943,
    0.9203152656555176,
    0.9220665693283081,
    0.9010508060455322,
    0.9124343395233154,
    0.9220665693283081,
    0.9343257546424866,
    0.9264448285102844,
    0.9395796656608582,
    0.9395796656608582,
    0.9483362436294556,
    0.9422066807746887,
    0.943082332611084
  ],
  "learning_rate": [
    0.0010000000474974513,
    0.0010000000474974513,
    0.0010000000474974513,
    0.0010000000474974513,
    0.0010000000474974513,
    0.0010000000474974513,
    0.0010000000474974513,
    0.0010000000474974513,
    0.0010000000474974513,
    0.0010000000474974513,
    0.0010000000474974513,
    0.0010000000474974513,
    0.0010000000474974513,
    0.0010000000474974513,
    0.0010000000474974513,
    0.0010000000474974513,
    0.0010000000474974513,
    0.0010000000474974513,
    0.0010000000474974513,
    0.0005000000237487257,
    9.999999747378752e-05,
    9.999999747378752e-05,
    9.999999747378752e-05,
    9.999999747378752e-05,
    9.999999747378752e-05,
    9.999999747378752e-05,
    9.999999747378752e-05,
    9.999999747378752e-05,
    9.999999747378752e-05,
    9.999999747378752e-05
  ]
}