{
  "accuracy": [
    0.5201312899589539,
    0.5761488080024719,
    0.6437636613845825,
    0.671991229057312,
    0.698905885219574,
    0.7185995578765869,
    0.7413566708564758,
    0.7638949751853943,
    0.7590809464454651,
    0.807220995426178,
    0.8212254047393799,
    0.8258205652236938,
    0.835229754447937,
    0.8452954292297363,
    0.8564551472663879
  ],
  "loss": [
    2.653157949447632,
    1.0107616186141968,
    0.910251796245575,
    0.8230051398277283,
    0.7822614908218384,
    0.7102503180503845,
    0.6551706790924072,
    0.6367219090461731,
    0.6151135563850403,
    0.5159133076667786,
    0.48790398240089417,
    0.45928817987442017,
    0.4385342597961426,
    0.41210997104644775,
    0.41350820660591125
  ],
  "precision": [
    0.6295326948165894,
    0.7118578553199768,
    0.7559055089950562,
    0.7818968296051025,
    0.7906168699264526,
    0.800000011920929,
    0.826171338558197,
    0.8429685235023499,
    0.8447574973106384,
    0.8682802319526672,
    0.876740038394928,
    0.8775105476379395,
    0.8883640170097351,
    0.8928747177124023,
    0.8961828351020813
  ],
  "recall": [
    0.36849015951156616,
    0.4032822847366333,
    0.504157543182373,
    0.5538293123245239,
    0.5973742008209229,
    0.6214442253112793,
    0.6520787477493286,
    0.6859956383705139,
    0.6822757124900818,
    0.7457330226898193,
    0.757986843585968,
    0.7743982672691345,
    0.781838059425354,
    0.7951859831809998,
    0.8065645694732666
  ],
  "val_accuracy": [
    0.26357269287109375,
    0.26357269287109375,
    0.21803852915763855,
    0.31436076760292053,
    0.6654991507530212,
    0.8126094341278076,
    0.6987740993499756,
    0.7329246997833252,
    0.6085814237594604,
    0.821366012096405,
    0.8012259006500244,
    0.3327495753765106,
    0.7267950773239136,
    0.75043785572052,
    0.8204903602600098
  ],
  "val_loss": [
    7.228324890136719,
    8.80124568939209,
    9.726584434509277,
    5.8238725662231445,
    1.2074590921401978,
    0.5079899430274963,
    1.0791953802108765,
    0.9179670214653015,
    1.7718077898025513,
    0.5233383178710938,
    0.6866275072097778,
    9.840367317199707,
    1.2984371185302734,
    1.0351758003234863,
    0.5983004570007324
  ],
  "val_precision": [
    0.26357269287109375,
    0.26357269287109375,
    0.21803852915763855,
    0.3127753436565399,
    0.7278414964675903,
    0.8524904251098633,
    0.7197039723396301,
    0.7983490824699402,
    0.6227657794952393,
    0.8493408560752869,
    0.822506844997406,
    0.3356952965259552,
    0.7409420013427734,
    0.7653985619544983,
    0.8368086814880371
  ],
  "val_recall": [
    0.26357269287109375,
    0.26357269287109375,
    0.21803852915763855,
    0.3108581304550171,
    0.6112083792686462,
    0.7793344855308533,
    0.6812609434127808,
    0.5928196310997009,
    0.5796847343444824,
    0.7898423671722412,
    0.7872154116630554,
    0.33187389373779297,
    0.7162871956825256,
    0.7399299740791321,
    0.8082311749458313
  ],
  "learning_rate": [
    0.0010000000474974513,
    0.0010000000474974513,
    0.0010000000474974513,
    0.0010000000474974513,
    0.0010000000474974513,
    0.0010000000474974513,
    0.0010000000474974513,
    0.0010000000474974513,
    0.0010000000474974513,
    0.0005000000237487257,
    0.0005000000237487257,
    0.0005000000237487257,
    0.0002500000118743628,
    0.0002500000118743628,
    0.0002500000118743628
  ]
}