{
  "accuracy": [
    0.5967177152633667,
    0.6251640915870667,
    0.687089741230011,
    0.7280087471008301,
    0.7356674075126648
  ],
  "loss": [
    2.123619794845581,
    0.9064229726791382,
    0.7572988271713257,
    0.7203549146652222,
    0.668994665145874
  ],
  "val_accuracy": [
    0.26357269287109375,
    0.26357269287109375,
    0.26357269287109375,
    0.37478107213974,
    0.30472853779792786
  ],
  "val_loss": [
    18.71751594543457,
    16.164121627807617,
    6.079161167144775,
    21.67946434020996,
    40.12208938598633
  ]
}